{"schemaVersion":"1.0","appDefinitionTemplate":{"id":"/providers/Microsoft.PowerApps/apps/","type":"Microsoft.PowerApps/apps","tags":{"primaryDeviceWidth":"640","primaryDeviceHeight":"1136","supportsPortrait":"true","supportsLandscape":"true","primaryFormFactor":"Phone","showStatusBar":"false","publisherVersion":"3.24084.21","minimumRequiredApiVersion":"2.2.0","hasComponent":"false","hasUnlockedComponent":"false","isUnifiedRootApp":"false","sienaVersion":"20240923T170025Z-3.24084.21.0"},"properties":{"appVersion":"2024-09-23T17:00:25Z","lifeCycleId":"Published","createdByClientVersion":{"major":3,"minor":24084,"build":21,"revision":0,"majorRevision":0,"minorRevision":0},"minClientVersion":{"major":3,"minor":24084,"build":21,"revision":0,"majorRevision":0,"minorRevision":0},"backgroundColor":"rgba(255, 255, 255, 1)","backgroundImageUri":"/16332241529415719731/Ndfe87b86-e5e1-43bc-9a7e-1fefa255e58f-logoSmallFile","displayName":"RickAndMortyAPI","description":"","commitMessage":"","appUris":{"documentUri":{"value":"/16332241529415719731/N678f60b6-ef09-40db-8f04-fbb1f28c965b-document.msapp"},"imageUris":[],"additionalUris":[{"isSolutionAware":false,"value":"/16332241529415719731/N9d7e2536-5c3a-4e8f-89a8-b6f4a749b9fd-identity.json"}]},"createdTime":"0001-01-01T00:00:00Z","lastModifiedTime":"0001-01-01T00:00:00Z","sharedGroupsCount":0,"sharedUsersCount":0,"connectionReferences":{"96308a55-a1b5-4e68-a4f5-9aaaf9264ebe":{"id":"84f16826-7651-41dd-b0dd-664b671fe41e","displayName":"Rick and Morty API","iconUri":"https://prodapiicons.cdn.powerappscdn.net/20240918t000000za5b20b3909a84a3a9ae096ad168d00d1/customconnectoricon.png","dataSources":["RickandMortyAPI"],"dependencies":[],"dependents":[],"parameterHints":{},"parameterHintsV2":{},"isOnPremiseConnection":false,"bypassConsent":false,"dataSets":{},"apiTier":"Standard","isCustomApiConnection":true,"actions":["GetCharacters"]}},"databaseReferences":{},"almMode":"Environment","performanceOptimizationEnabled":false,"canConsumeAppPass":false,"enableModernRuntimeMode":false,"executionRestrictions":{"isTeamsOnly":false,"dataLossPreventionEvaluationResult":{"status":"Compliant","lastEvaluationDate":"2024-09-18T19:45:12.7066586Z","violations":[],"violationsByPolicy":[],"violationErrorMessage":"The app uses the following connectors: shared_rick-20and-20morty-20api-5fe6a364850c059255-5fece34374f604f23c."}}},"appType":"ClassicCanvasApp","appComponents":[]}}